movieId,title,genres,content_score
103755,Turbo (2013),Adventure|Animation|Children|Comedy|Fantasy,1.0
4016,"Emperor's New Groove, The (2000)",Adventure|Animation|Children|Comedy|Fantasy,1.0
3754,"Adventures of Rocky and Bullwinkle, The (2000)",Adventure|Animation|Children|Comedy|Fantasy,1.0
3114,Toy Story 2 (1999),Adventure|Animation|Children|Comedy|Fantasy,1.0
91355,Asterix and the Vikings (Astérix et les Vikings) (2006),Adventure|Animation|Children|Comedy|Fantasy,1.0
2294,Antz (1998),Adventure|Animation|Children|Comedy|Fantasy,1.0
45074,"Wild, The (2006)",Adventure|Animation|Children|Comedy|Fantasy,1.0
53121,Shrek the Third (2007),Adventure|Animation|Children|Comedy|Fantasy,1.0
136016,The Good Dinosaur (2015),Adventure|Animation|Children|Comedy|Fantasy,1.0
4886,"Monsters, Inc. (2001)",Adventure|Animation|Children|Comedy|Fantasy,1.0
